SITE_NAME,CV_CONSUMPTION
0195KO,2.9415103420386277
0621KO,2.7089056801494587
0116BB,0.9741715488001742
1081BB,0.9042553191489361
0593BB,0.8422474338195568
9515BB,0.8334819040827242
1394BR,0.7965065531034269
1607BR,0.7558612600145072
1378BR,0.751735855040022
0124BB,0.7477991006396858
0272BR,0.7303217558534711
1089BR,0.7193425205975994
0056BB,0.71571714858288
0613BR,0.7083151988933873
0143BB,0.7045590158262396
0130BB,0.7024285478275236
0620KO,0.7017632155607338
1109KO,0.6887571599840149
1458BR,0.6833623955264265
0295BB,0.677688418932974
1372BR,0.667183799637353
1154BR,0.6654034666326804
0703BR,0.6647278776796911
1388BR,0.6494271478608408
1945BB,0.642609319424223
0386KO,0.6406700795090725
1129KO,0.6322480142891055
1178KO,0.6144693594785862
1129BB,0.6091321484345951
0329BB,0.6034994655793516
0648BR,0.5925957975986059
0546BR,0.5792922673656619
0406BB,0.5724747606842078
1314BR,0.562634285810634
2032BB,0.5582329317269077
5006KO,0.5550101139555037
1088KO,0.5523874663789712
1911BB,0.5513356752044232
0243BB,0.5485710452166913
2037BB,0.5463535699946929
2075BB,0.5450324976787373
1977KO,0.5427741019242347
0606KO,0.5359455432885628
0404BB,0.5332286068623399
0693BR,0.5326868786176141
0085BR,0.5319198579921732
1978KO,0.526399269582399
0699BR,0.5203493834496029
2075BR,0.5188435707145004
0037BR,0.5060759342440843
1998BR,0.5045295464066115
0240BB,0.5033366152499726
0379BR,0.5016463148884241
0237BR,0.4994736034785513
0164BB,0.49474618913719115
1107BB,0.4932850880244938
0128BB,0.4914912453275625
0366BR,0.48753600844920125
0712BR,0.4832149865115832
1984BB,0.4817601171391784
1153KO,0.48107392782768554
2079BR,0.47838789520230823
1197BR,0.4745863181929673
1959BB,0.47393238981497166
1150KO,0.46685079090721693
1947BB,0.46610336266083235
1120BB,0.4651162790697674
1064BB,0.46506137865911235
1956BR,0.46240916942913163
1976KO,0.46123303952681965
2076BR,0.45463097292946647
1169KO,0.45278386090649675
2086BR,0.4524623943952195
1031BR,0.45167320245606923
2017BB,0.44923763480847895
1971BB,0.44915706093565844
1113KO,0.445206559185587
0227BB,0.4444395930664105
1975KO,0.44123509510803516
0121BR,0.4408917583276625
1909BB,0.4393905939500994
1610BR,0.4341023491976333
4376BB,0.43268996239130814
1451BR,0.4314790271829162
1002BB,0.42898868200073026
1030KO,0.4287069050401528
0356KO,0.42469842745356556
0475KO,0.42325601557970344
0617BR,0.4206911112443826
1027BR,0.4200916865719261
1996BB,0.415494778108594
0403BB,0.4144294993283898
0254BB,0.4138385849125499
0231KO,0.4068627465983375
1612BR,0.40620801411430524
1203BR,0.4053753680550738
0407KO,0.4002512928360761
0186BR,0.3947161725188379
1005KO,0.38872124364055827
0089KO,0.3882083768939945
0117BB,0.3879358790213847
0269BR,0.38789204283854006
0345BB,0.3864602866110541
0416KO,0.3850697914514001
1625BR,0.3848176580413189
0714BR,0.38346328701027155
1057KO,0.38109141580237865
1976BB,0.3802602834144847
0434BR,0.37923646711156245
0464BR,0.3753944244172391
1063BB,0.3749836108561688
1266BR,0.3740503865657048
1972BB,0.3691375094588217
1634BR,0.36802593449725746
0672BR,0.367670755857247
1031BB,0.3657879954822671
0369BB,0.3634451491007788
0280BB,0.36337678032222087
0248BB,0.3633290437467522
0251BR,0.3609801795950627
1144BB,0.3595394966809258
0400KO,0.35855401485106125
0363BB,0.35639624993829283
1924BB,0.35599061833878165
0339BR,0.3541897661821352
0238BB,0.35366431492972017
1067KO,0.34955189084813715
0298BB,0.3485017420237434
1008BB,0.34615854782470307
1987BR,0.3455829246284493
1114BB,0.34026153328376996
0293BB,0.3371695383401289
2062BR,0.33683194717778386
9503BB,0.3342696629213483
0308KO,0.3341583376347418
1036BR,0.33356835992959266
0212BR,0.3334868219539531
0645BR,0.33025316811189503
1977BB,0.3295766271192679
1082BB,0.3294334715216563
0381BR,0.32915329456860803
0128KO,0.3276078010377528
1264BR,0.3274805232323865
1381BR,0.326323168594462
1093KO,0.32576298467550735
0616BR,0.3223864166729353
0471BR,0.3217830696690834
0151BR,0.32140649884037736
0237BB,0.31954498448810764
1050BR,0.3176184497715733
2113BB,0.31667284305016136
0481KO,0.3159654598664721
0250BR,0.3154494447619898
0590BB,0.315379479189851
0232BR,0.3146907017949311
2028BB,0.31399845320959
1979BB,0.31281922667636386
0217BB,0.31236035824349084
1940BB,0.31005001172224106
1120KO,0.30827304293433794
1055BB,0.30772360480097644
0453KO,0.3062769206723641
0180BR,0.3040917338209366
2048KO,0.3021605762347528
0313KO,0.30188861012082185
0325BB,0.30186971916754274
1902BB,0.30040637012507954
2078BB,0.3003809905754962
0431KO,0.3003014870987532
1039KO,0.30027900097482274
0058BR,0.29946233902354796
1351BR,0.29887486295120813
0116BR,0.29749265417339066
1137KO,0.2965872437831651
0294KO,0.29636572942674805
1036KO,0.29614258823719297
1081BR,0.29428877319309027
1376BR,0.294280111792692
0286KO,0.29403357876624026
0370BR,0.29345827828291043
0466BR,0.2933819700829296
0242BR,0.290984573245188
0051KO,0.2898215622452894
1915BB,0.28861343788467847
1125BB,0.28617986435303444
1345BR,0.28449521610258616
0213BR,0.2844821143028543
0705BR,0.28387544726557273
0038BB,0.28385839535057683
0318BB,0.2830797609756805
1982BB,0.2816930490539203
0377BR,0.2814478630904086
1082BR,0.28116361981799504
1986KO,0.2811120016597706
1224BR,0.2778843010438827
1029KO,0.2778315150151839
0030KO,0.2775712342398473
0114BR,0.27680956874133317
1609BR,0.27466541038008463
1071BB,0.27288014018832796
1955BB,0.27179213884374365
0474KO,0.2697755439888081
1037KO,0.2692947004689895
0161KO,0.26923433947619296
0579BR,0.26876655872828964
0127BR,0.2676148115910454
0424KO,0.2671856772704183
0623BR,0.26675313114972127
0190BR,0.2666776632481904
0277KO,0.2649472527512113
0106KO,0.26435457024690406
1107BR,0.264261808734373
0105KO,0.2635475459285055
1073KO,0.2629527683348581
0332BR,0.2629329273648154
0237KO,0.26233805263837273
0416BB,0.2613832844785978
0354KO,0.26130438672031553
0223KO,0.26120059109764754
0243KO,0.2606400673083689
0419BB,0.2605606221675153
0318KO,0.2600042753553598
0204BB,0.25851120127006527
0266BB,0.25776653330195337
0468BR,0.25772129536698885
1137BR,0.25727576072890435
0111KO,0.256393750106149
0151BB,0.2550294000011035
1600BR,0.25501993527008443
1389BR,0.25490433192003875
0342BB,0.2543377000776503
0436BR,0.25246363997992255
0315KO,0.2519383672412612
0076BR,0.2518644465840253
1994BR,0.25113971208530256
0095KO,0.2511082138200782
0177BR,0.2507756488931664
1125KO,0.250481940833942
0145BB,0.25033836441866125
0386BR,0.24923535613173411
1975BB,0.24904701397712833
0529KO,0.24899436846339504
0166KO,0.24859312224621594
0480BR,0.24798458488516223
1160BR,0.24766372470210335
0310BR,0.24689640466571713
0087BR,0.24686098253276942
0427BB,0.24637334250655923
1270BR,0.2460987942895824
0485BR,0.2458932661085626
0260BB,0.2455247463034029
1145BR,0.24499928231457474
1008KO,0.24488817389247783
0433KO,0.24473053747123594
0247BB,0.24462073230546139
0487KO,0.2433731578518228
0480KO,0.24287472776883895
0456BB,0.2428223953960047
1121BB,0.24234531458007763
0388BR,0.2420304333882176
1087KO,0.24125116609593267
0619KO,0.24116053177489916
0365BR,0.2408044935676753
1960BB,0.24061708496431036
1142BR,0.24059813726788545
1036BB,0.23905871915078547
0176BB,0.2388268756032603
0104BR,0.23812046504057563
1204BR,0.2367779626347371
0613BB,0.23564095946686608
0411BR,0.23552782794286656
0071BR,0.23552704777995118
0050KO,0.23534843369758196
0374BR,0.2346518495492695
0119BB,0.2343258257136693
1410BR,0.23410852006390576
1416BR,0.23289174973094393
1225BR,0.23218813466354793
0248BR,0.23212428072227767
0398BB,0.2310211833990144
1315BR,0.2301373538996949
0222BR,0.22988329641489172
0107KO,0.22961902287773875
0426BB,0.2293655634745985
1051BR,0.22888912067581052
0221KO,0.22816090619516782
1983BB,0.22771900317742502
0095BR,0.22627737226277372
0391BR,0.225737897121823
0403BR,0.22534414796564484
1177KO,0.22514433515925042
0080KO,0.2245935369346835
0068BR,0.22450272080065067
1396BR,0.22244062002953252
0444BR,0.22163351051673005
0167BR,0.22162680703261267
0334KO,0.22144942951948646
0620BR,0.22011363981635837
0497BB,0.21977698295813172
0614BR,0.21909837550343142
0385BR,0.21903244964297724
0635BR,0.21880617630755997
0409BR,0.21870782669741237
0330BB,0.21858354029004512
0458BB,0.21813305845479417
0305KO,0.2179331888072821
1007KO,0.2179105980982455
0273KO,0.21714741276188615
1095BB,0.21636225071177084
0180KO,0.21511625200693432
4368BR,0.2150527237364878
1117BR,0.21496036887465006
0188KO,0.21403282224788003
0376BR,0.21396690372960173
0366KO,0.21394489539538392
0193BB,0.2131244701311706
0441BB,0.21302950264405224
0004BB,0.21301385542217793
0662BR,0.21296662881301315
0684BR,0.2129087351328325
0482KO,0.21285894275467518
1057BR,0.2123876125931995
0374KO,0.21181027961910778
1400BR,0.21147014500879796
1094BB,0.21128588470946283
2025KO,0.2101782761656738
1281BR,0.20997200535880925
0323BR,0.2099249274434989
2014BB,0.20989825398819245
0269BB,0.20886619473195678
0561BR,0.20869419496466465
0101KO,0.2084262114525703
0140BR,0.20815164079367512
1921BB,0.20812324754635772
1279BR,0.2079739489134321
0423KO,0.20769431623587448
0045BB,0.2075548131896286
1005BB,0.20727774127352316
0359BB,0.20727368054493048
1003BB,0.20708339431379214
0485BB,0.2070061358120927
0082BR,0.2058544722251359
0278BB,0.2055828889172729
0450BB,0.20417057352500875
0327KO,0.20416032803371936
0317BB,0.2031799861897123
0456KO,0.2030544520772811
0125BB,0.20286852265348182
1260BR,0.2026060160780593
4008BR,0.20257028677729275
0391KO,0.20241201175984075
0682BR,0.20234930447674107
0153BR,0.20232561261025897
0382KO,0.2020130026106355
1340BR,0.20197001886638785
0463BR,0.20171552036554266
0156BB,0.20099933363283629
1028BR,0.2008568686448549
0049BR,0.20034039912832236
0241KO,0.19964239048208507
0378BR,0.1995460390813767
0211KO,0.1993445515850507
1146BB,0.1992847537677128
0671BR,0.19920302403711368
1432BR,0.19875398489034238
1305BR,0.19793340520309988
0317KO,0.19779607443443045
1138BR,0.1974033492687924
1964BB,0.19724655722634854
0122BB,0.19701573168078612
0145BR,0.1966338355904788
0531KO,0.1961011835692737
0193KO,0.19607991500549707
1071KO,0.19562064388545627
1052BR,0.19530180503002506
0272BB,0.19526060473941004
1139BB,0.1950513005980546
2082BR,0.1946124435627106
1316BR,0.1939901581124593
0486KO,0.19366897177029704
0405BB,0.1934551559564296
0110KO,0.19307912844979547
2019BB,0.19301696582247352
2042KO,0.1926719668164535
1941BB,0.192663090134299
0120BR,0.19215567113360485
0492BR,0.1917554906990336
0360BB,0.19134528654759383
1189BR,0.19106759848777172
0475BB,0.19066567666786532
1958BR,0.19057787312720875
0207BR,0.19008866050636158
0652BR,0.18944180212985945
0211BB,0.1889613190952154
1107KO,0.18828416149814067
0415BB,0.18824680605945335
1126BR,0.18803691742549977
0007BB,0.1871586836453543
0281KO,0.18676209395459056
0394BB,0.1860269281897284
0091KO,0.185689589321438
1064KO,0.185586412872481
0711BR,0.18531634799503988
0284KO,0.18496332310430452
1602BR,0.18491774913022063
0466BB,0.1848946665825278
1085BB,0.18475386226794363
0341KO,0.18469895609878775
0365KO,0.18355994188981972
0103BR,0.18332056614961087
1024BB,0.18325719635714774
0156KO,0.18312754565905584
1078BR,0.18293282534288793
1329BR,0.18250393618265073
0251KO,0.18247434231016157
0605BB,0.1824394238730323
2121BB,0.18224582701062214
0271KO,0.1819748515237584
1291BR,0.1819454828798424
1044BB,0.18188511018914827
0333KO,0.18174989137626904
0239BB,0.18124119045910228
1965BB,0.18113846184656307
0149BR,0.18112619914253328
0258KO,0.18104411553995128
0168BR,0.18067279640262035
0395BR,0.1806388410604995
0346BB,0.18055182114146096
0647BR,0.18038833791544534
1962BR,0.18035250059320146
1134BR,0.18021144967672614
0425BR,0.18007219555290238
1606BR,0.1797250031828806
1261BR,0.17936272292728936
0660BR,0.1792469109182706
1363BR,0.1788744175954506
0600KO,0.17824878641434397
0393KO,0.17772057375922307
1226BR,0.1777089637630907
1208BR,0.17769293356766597
0282KO,0.17767645922538272
0488BB,0.17738933322387848
0071BB,0.17736178891397777
1098KO,0.17685163195654047
0229BR,0.1768493221606025
0304BB,0.17550031700518795
0158KO,0.17543132803939518
1116BR,0.17485381879740325
1186KO,0.17482517482517487
1024BR,0.17429808840159844
0084KO,0.17423805991737662
1099KO,0.1720214796790198
0469BR,0.17197818497854325
0412KO,0.171501252479716
1219BR,0.17138303528590054
1022KO,0.17134220457188334
0476KO,0.1708873248619652
0654BR,0.17038816286944708
1136BR,0.17019909241456177
0365BB,0.17009615815854798
4365BR,0.17001861810120705
1021BB,0.16948077309795528
2006BR,0.16909304158794547
4060BR,0.16907486475553876
0601BR,0.16906587330843845
0120KO,0.16874933018487892
2004KO,0.16867860796629722
7541BR,0.1685935520022366
1119BR,0.16858278927941034
0494KO,0.16841702994239868
0406KO,0.1682488067513239
0316KO,0.16818853680856716
0253KO,0.16816860978307138
0257KO,0.16749217438403474
1973BB,0.16697006469576522
0073BB,0.16685210252143373
1232BR,0.16680232730062322
0070BB,0.1663475002757031
1156BB,0.16626279587094103
0036BB,0.1659740264127144
0418KO,0.1657999163926148
0644BR,0.16564202932696803
0156BR,0.16563792069650846
1202BR,0.1653601986004536
0078BB,0.16505955757231994
0045KO,0.16471380465230093
0282BB,0.16409948883878633
0440BR,0.1638820741820662
1205BR,0.16336592107785228
0228BR,0.16279856602110285
1971KO,0.16271274343904207
0074BR,0.16245943963583667
0496BB,0.16243063939850919
0465BR,0.1621438949455601
0356BB,0.16209687461088285
1917BB,0.1619207683073229
0341BR,0.16186939746991416
0110BB,0.1616036600862422
2046BB,0.16157792917823197
0065BR,0.161523802197915
1147KO,0.16113482107420915
0105BB,0.16102261433748893
1327BR,0.1602077365165609
1429BR,0.16020673548367598
0111BB,0.16014636870685403
0405KO,0.15975947567892856
0154BR,0.15975292475037098
0401BB,0.159716544269143
0643BR,0.15944294395650746
0035BB,0.15931791843717236
0430KO,0.15863787353099063
0473BR,0.1585951726322917
1026BR,0.1583229929050093
1191BR,0.15784326384045025
0423BB,0.15717170331344504
0621BR,0.15699393185000776
0426KO,0.15693735729637562
1294BR,0.15668673969135677
0332KO,0.15663466292456776
1034BB,0.156098056884786
0238BR,0.15587912976303847
0217BR,0.15572195630245958
1055KO,0.1551421745630321
0384BR,0.15510165573847826
0016BB,0.1549784677536778
1298BR,0.1544739369022595
1148BB,0.15436290617013512
0380BR,0.1542739012043637
0047BB,0.15421090909090904
2002KO,0.1541452182563176
0419KO,0.1540982778288378
1096BR,0.15407684520486714
0303BB,0.1535948956518074
1178BR,0.15350700975530884
1114KO,0.15327722360203563
0007BR,0.15313960925307324
0123BR,0.15313268196370766
0287KO,0.1527840262241209
0050BR,0.15269121128234706
0370BB,0.15236473309236576
0415BR,0.15193757937668723
1109BB,0.1518635708662002
0318BR,0.15178889645974442
0031KO,0.15175838092057498
0249BB,0.15174541358219246
1356BR,0.15160325635487626
0605KO,0.15157589199547725
1069BR,0.15157043104341045
1075BR,0.15153354374039008
0259BR,0.1515156618042333
0284BR,0.15151419833362414
1218BR,0.1512994226326971
1119BB,0.15065472088215032
0411BB,0.15037160149630527
0139BB,0.1503081822070126
1046BB,0.14993463838187557
1100KO,0.14992407360610435
0239KO,0.1497468715492423
0698BR,0.14970373225465505
0364BR,0.1495897804932816
0017KO,0.14903754827431195
0626KO,0.14898775666434882
0210KO,0.14889235771301965
0463BB,0.14877042202635213
0600BR,0.1477733507417642
1106BR,0.14736575491307888
0234BB,0.14664726722418048
0314KO,0.14641919854558486
0164BR,0.14639277098747955
0302BB,0.14607449856733526
0336BB,0.1459991254919108
0141BB,0.14590514337944183
0473BB,0.14586588993351798
0033KO,0.14580179660084883
0300KO,0.1457659615203157
1054BB,0.14569026793681417
0283BB,0.1456649003537785
0297KO,0.1454201193454967
1111BB,0.1453599491059035
0371BB,0.14531161048601438
0096KO,0.14527242064754936
0495KO,0.14512043477365752
0043KO,0.14506234541968527
0488BR,0.14478774159659297
1142BB,0.1445520863026293
1213BR,0.1445182975239305
0385KO,0.1442930451993685
0185KO,0.1441110846809148
1014BB,0.14404295266642514
0397KO,0.14402469874665608
4396KO,0.14401487655597559
1255BR,0.14389353758279408
2080BR,0.1435870276939689
0717BR,0.14355898506476306
4361BR,0.14343739112890277
0421KO,0.14300015942129796
0247KO,0.1429547995319389
1027KO,0.1426852447904524
0067BR,0.14262469644689585
0268BB,0.1426104432354611
0412BR,0.14250666081754776
1207BR,0.14250466402850212
0058KO,0.14219228710512022
0019KO,0.1421911696191404
0236KO,0.14211113551384066
1008BR,0.14190083489389932
0371BR,0.14187097590299347
0103BB,0.14166757970855706
1111KO,0.14138354783744006
0083KO,0.14128260443515153
1216BR,0.14116855243488166
1068BR,0.1409707364961769
0099BB,0.14059825752840355
0129BB,0.14018093207801882
1370BR,0.1398843473619096
1999BR,0.1394035470127811
0276KO,0.13893188585642532
0394KO,0.13858124501198135
1153BB,0.1384030418250951
0073KO,0.13779006728419244
0107BR,0.13776882610942534
0100BR,0.13695495707097965
1058KO,0.13689823573687274
0625BR,0.13635519741010668
1104KO,0.13635340975692475
0114BB,0.13618089739932465
0331BR,0.13591859674032003
1968KO,0.13577949055525498
0015KO,0.13566284447032378
0024KO,0.1355521226462594
0378KO,0.13540089461714155
0319KO,0.13521532225845462
0102BR,0.13512509461885439
0176BR,0.13505994334454222
0106BB,0.13494955626088662
4380BB,0.13484150257087713
0082KO,0.13477588944870159
1033KO,0.1345580611596891
1087BB,0.13388470866239663
0197KO,0.13374106037331782
0084BR,0.13360960213599685
0108KO,0.13354582406744625
0333BB,0.13342277688656176
1974BR,0.13318578602118394
1108BB,0.13292725390120308
0445KO,0.1325189665480377
1258BR,0.13251133463949819
0632BR,0.13223489840487562
1993KO,0.13217605327241644
1985KO,0.1317267058985278
0663BR,0.13162986344600489
0245KO,0.1315094658941449
1009KO,0.131450455993251
0489KO,0.1314380930864179
5417BR,0.131237295915022
1081KO,0.1311622702811896
1173BR,0.13116081688960424
0564BR,0.1311227311904968
0023KO,0.13102632221595242
0443KO,0.1309385992647472
0081BB,0.13085812168568828
0059KO,0.13064634849967005
1056BR,0.13050263557488023
1034BR,0.13038631497178224
1076BB,0.13007990607443862
0368BB,0.1297599175068335
0297BB,0.12974690848485002
1996KO,0.1297245714004129
0310KO,0.12962050832519165
1112KO,0.1294709601116216
0340BB,0.12932725879260992
0488KO,0.12884459131630835
1421BR,0.12865102105484963
1063BR,0.12861216186315744
0254BR,0.12858754706835326
0343BR,0.12821319143040727
1128BR,0.12804906691381523
1096BB,0.1278185707154604
0291BB,0.12781324596150528
0170BB,0.12740737059218207
1910BB,0.12723279214033423
0260BR,0.12722360849340586
0093KO,0.12698162535855412
1348BR,0.12685067844329642
1998KO,0.12636309747012217
0443BB,0.1261978596723206
0098KO,0.12618138674451335
0350KO,0.1261589979035829
0218BB,0.12592841956821477
0407BB,0.12591615264662753
1928BB,0.125885490152134
0174BR,0.12585801743665304
0316BR,0.12561551165867246
0510BB,0.12543611895663734
0349BB,0.1250864873916472
1931BB,0.12502007817101246
1085KO,0.12474323687924396
1991BR,0.12472174796308699
2106BB,0.12461910002389705
0499BB,0.12450263429765493
0165BB,0.12420401064777992
0021BR,0.12418425230681408
0281BR,0.12404591705984054
1457BR,0.12388027091981643
0439KO,0.12367507490414878
0458KO,0.12331731602750366
0493KO,0.123250312116681
0072BR,0.1232222831367948
0351KO,0.12318739138628296
1925BB,0.1230896533421477
1161KO,0.1230827597420194
1982BR,0.12305692038607532
0464BB,0.1229788030442368
1980KO,0.12292543881794277
0376BB,0.12277614856526217
1967BB,0.12274752242346566
0397BB,0.12270849383041466
0616BB,0.12252238860417268
0048BB,0.12206696042151956
0602KO,0.12191974557948014
1053KO,0.12186011703180981
1002KO,0.12184253096736959
0315BB,0.1216688510266492
0044BB,0.12143812455526186
0017BR,0.12140213100641618
0495BR,0.12134123996841585
1059KO,0.12124759771268681
0422KO,0.12113565203581868
0315BR,0.12108490155037285
0466KO,0.12097066280333219
1051KO,0.1205681648330691
1128KO,0.12036915929944995
0398KO,0.12036410505778881
0249KO,0.12034954766059316
1215BR,0.12031893216415747
0191BR,0.12030049583216988
4367BR,0.1200961537313615
0558BB,0.1194029850746269
0016BR,0.1193904990270597
0295KO,0.11935981781498944
0439BR,0.11932496002655242
0688BR,0.11921508093489655
0457BB,0.11892943256997632
0011BB,0.11879234538926568
0694BR,0.11858316969746423
0131BR,0.11855960589735
1066BR,0.1184815001389708
0492KO,0.11845249569708442
1149BR,0.11842104451253732
1254BR,0.11814762425976501
1443BR,0.11793656242020349
2064BB,0.11793509834841065
0028BB,0.1178431037429499
0611KO,0.11762627111992871
0337BB,0.11752965331589224
1972KO,0.11740785488460868
0045BR,0.11719571623864233
0158BR,0.11701472017279783
0048BR,0.11693288185330288
1066KO,0.11691998349766397
0123BB,0.11689607787396923
0561BB,0.11682340647857888
0043BB,0.11655012994637493
0054KO,0.11649216321068326
0311BB,0.11623628151796796
0041KO,0.11603753440814073
1980BR,0.11582525858130702
4372BB,0.11581052157713405
0032BB,0.11578664034812257
0171BR,0.11570912295070665
1127KO,0.11556711202600342
1289BR,0.11550712049121528
1245BR,0.1151929117711222
0409BB,0.11507983232647409
0310BB,0.11477941721473657
0344KO,0.11461293499229615
1214BR,0.11449882853968944
0614KO,0.11446785144125143
0027KO,0.11441172334092421
1085BR,0.11430115864256181
1987KO,0.11411339971057054
0090KO,0.11405330242851325
0242KO,0.11399252119872721
0086BR,0.11399106973904855
0162KO,0.11389823416036575
0039KO,0.1135947339966996
1997KO,0.11317952250374796
0177KO,0.1131256814093075
0255BB,0.1129333090334421
0372KO,0.11287250972645216
2084BB,0.11239696598003955
1982KO,0.11234056474838106
0163KO,0.112214498510427
0302BR,0.11200153072669398
1102BR,0.11197386163084895
0090BR,0.11185972230579896
1965BR,0.11183251744869838
0079BR,0.11180329769627838
0333BR,0.1117893275445281
0261BR,0.11161581009282612
1967KO,0.11144412049223933
0214KO,0.11141865733217939
0420BR,0.1113453258498873
0483BB,0.11128233324219824
0126KO,0.11114014459263269
4378BB,0.11110997887567678
0414KO,0.11091054926970052
1024KO,0.11085252710538421
1167BR,0.11082435212856921
0636BR,0.11081109149444389
1164KO,0.11048705782698928
0483KO,0.11035550789905324
2116BB,0.11031753698165771
1133BR,0.11025027644588008
0531BB,0.11019378511638578
1413BR,0.11018924451303523
1250BR,0.11017157896951972
1090BB,0.11005610501353524
0390BR,0.10982918148552424
0153KO,0.10976744261626008
0293BR,0.10976237616441434
0243BR,0.10973744598039865
1906BB,0.10924855491329476
1601BR,0.1091907777653541
0666BR,0.10918671188111628
0022KO,0.10914274773132421
0129KO,0.10903627374598164
0214BB,0.1087796238508898
0275KO,0.10877375662981206
0334BR,0.10874548173709737
1282BR,0.10858361604794074
0108BB,0.10852472584316163
0475BR,0.10800320896923297
0383BB,0.10798248311465372
0459BR,0.10797267917879741
0410KO,0.10765240134831008
0165BR,0.10763217350362994
1393BR,0.10743120062505425
1014KO,0.10741036657011656
0697BR,0.1071768536986132
0270BR,0.10712248578346023
0437KO,0.10699136848055443
1988KO,0.10671059104342909
1018BB,0.10670553198550205
4362BR,0.10664451493152649
1948BB,0.10657822421696414
0301BB,0.10654170729931509
0064BB,0.10652327927923122
0161BR,0.10652050368097668
0487BB,0.10641500393906897
0454KO,0.10631020771745182
1083KO,0.10624091833526836
0132KO,0.10620258911981377
0462BR,0.10618995310467022
0159BR,0.10612226697205952
0357BB,0.10587039768009614
0097BB,0.10563058471616955
1269BR,0.1054651032069553
0212KO,0.105381872428726
1117KO,0.10526797209140877
0343KO,0.10517479437037991
0432BB,0.10516094909467304
0477BR,0.10506961070680655
1141BR,0.1050335994537157
0110BR,0.10500972848371921
1961BR,0.10491284483447912
1018KO,0.10463226967596519
0592BB,0.10460637806193186
0006BB,0.1045818823254328
0248KO,0.10451273455253718
1987BB,0.1044582566551308
1140BR,0.10443733801382105
0311KO,0.10430021445596895
0016KO,0.10388696662117662
0392KO,0.1037764522626304
1159BR,0.10364721994399236
1088BR,0.10346187866020028
0152KO,0.10334980528544123
1998BB,0.10325318246110328
0044KO,0.10324168756224354
1019BB,0.10318114494494889
0001KO,0.10311198269245862
0063BB,0.10293447314981025
1095BR,0.1024965231335641
0154KO,0.10247076356675676
0250KO,0.10239522317878141
0303BR,0.1022538796527456
0421BB,0.10220652114993493
0159KO,0.10216906247724045
1995KO,0.1019887551217654
0427KO,0.1019759850721775
1105BR,0.1017769574077117
1617BR,0.10172482749939443
0489BB,0.10151388321516852
0319BB,0.10145801872399032
0034BR,0.1013347693702435
0340KO,0.1012225511818698
0080BR,0.10119890133133976
0238KO,0.10080258885812513
0255KO,0.10079946950789881
0201BR,0.10078611274882693
0026BB,0.10061345980977401
0096BB,0.10058314697659802
0190KO,0.10052952156741267
1983BR,0.10049636714526676
1358BR,0.10037066922852363
0320BR,0.1003130047621111
1166BR,0.10019243998075246
0175KO,0.10010928147521583
1017BR,0.09994447786576172
1077BR,0.09986516950242462
0266BR,0.09983852472320617
0392BR,0.09980272437555988
1233BR,0.09974402321290009
0434KO,0.09966713849806662
1979KO,0.09954065487254779
1105KO,0.09947438072795188
1955BR,0.09942910954700408
0420KO,0.0993631840940664
1162KO,0.09935750344194583
0573BB,0.09924111721371127
0124BR,0.099237350723073
1256BR,0.09899595384384836
0077BR,0.09884072214601383
0316BB,0.09877160416773091
0061KO,0.09845548777396762
1991KO,0.0983863303672224
0032KO,0.09837480365896605
0490BB,0.09835908504803355
0382BB,0.09833691420230835
2083BR,0.09812303261743437
1954BR,0.09797388185485091
0092BR,0.0979524348943294
0140KO,0.09772399633043552
0133KO,0.09771082090026825
0375BB,0.09769687797854795
0451KO,0.09750239053886046
1989BR,0.09749833931209508
1968BR,0.09742445119674249
1082KO,0.0972495351153241
0300BB,0.09711264464046798
1988BB,0.09704294538741491
0328KO,0.09703279456913019
1011KO,0.09700648172313314
0628BR,0.0969990973228078
0498BR,0.09694401237459004
1963BR,0.09694067874935253
1296BR,0.09688847890005278
0224BR,0.09687624771137711
0148BR,0.09656819208753152
0442KO,0.09651137556970255
0229BB,0.09637872500943041
0028KO,0.09586365048444319
1904BB,0.09583348089305235
0277BR,0.09569620193835436
1237BR,0.0956386367304764
1999KO,0.09562079486211753
0003BB,0.09542551186963662
0385BB,0.09534211174009351
0029KO,0.09520561127849123
1043KO,0.09514934695008113
0263KO,0.09507902844309755
4392KO,0.09493000795068707
0160BR,0.09489092838000424
1907BB,0.09464735827608362
1077BB,0.09442953372937433
0467BR,0.0942915611479033
1113BR,0.09427131878377935
1984KO,0.09423933847991363
0298BR,0.09421489867521865
0112KO,0.09420172995439183
0354BR,0.09414673503461413
1068BB,0.09410973867729586
0274BB,0.09408323369158147
0210BR,0.09386772576208333
0196BR,0.09386213106047903
1230BR,0.09381573065162098
1974KO,0.09375005955678778
0216KO,0.09367892582908326
1304BR,0.09360155613978553
1104BB,0.09359809701106632
0139KO,0.09353795769124408
1253BR,0.09349101570516463
0030BR,0.09337328678153324
0325BR,0.0931754663787791
0233BR,0.09307572747182648
0091BR,0.09296534779235648
0261KO,0.09288297792345622
0386BB,0.09259600522192804
1989BB,0.09245885978027953
0099BR,0.09237974697347057
1249BR,0.09232819828110102
1185BR,0.09231259818104068
0052BR,0.09226446780628302
1065KO,0.0921269563429665
1002BR,0.09205183328663065
1993BB,0.09197586966153432
0372BR,0.09196053601074733
0012KO,0.09184128406764897
0018BR,0.091840905453411
0438KO,0.09176661532484524
1015BB,0.09172543816734109
0431BB,0.09169793850613299
0252BB,0.0916674166261227
1029BB,0.09166354319930742
0192KO,0.09161377506232035
1301BR,0.0915566572839356
0242BB,0.09136674643038731
0467BB,0.09134044963417008
1049KO,0.09095856522409554
1171BR,0.09087196619281443
0293KO,0.09086792887619413
0026BR,0.09078228185592753
0140BB,0.09073170731707315
0399KO,0.09069005815704914
0083BR,0.09064902028264413
0252KO,0.09054327142981093
0478KO,0.09046914413724956
0206KO,0.09045675412562934
0301KO,0.090390154570305
0182BR,0.0903894721289119
0171KO,0.09029005828474188
0335BR,0.0902818867123439
0273BB,0.09022164150752791
0384KO,0.09018449855793241
0049BB,0.09018199751618579
1089BB,0.09012923640358152
1096KO,0.08991202442175616
0304KO,0.0897713853940078
0811BB,0.08968433399699051
0039BR,0.08965562645605364
1946BB,0.08964759222367251
1115KO,0.08948894757999298
0668BR,0.08948517767969748
1913BB,0.08943442990954094
0279BR,0.08935125996164808
0264KO,0.08924622372191644
1162BR,0.08902185113352717
0633BR,0.08895311352466792
0020BR,0.08893767818340714
0346KO,0.08890975083097737
0149BB,0.08888731956875251
0435BR,0.08888429026938617
1325BR,0.08885984226088282
0484KO,0.08872735012032515
1176BR,0.08867994751172224
0078KO,0.0886550970886846
0480BB,0.08860435658062062
1164BR,0.08857008041336167
0093BB,0.08844836750755912
0453BR,0.08829247411951806
0033BB,0.08828221585519105
0436KO,0.08826034525958608
1929BB,0.08799852085002001
0395BB,0.08791764737246517
1344BR,0.08787334851617973
0446BB,0.08757546292533319
0199KO,0.08756487396777647
0486BB,0.08754373580037053
1129BR,0.08740989546377008
0285BB,0.08734681158857112
1003BR,0.08732729491196939
1045BB,0.08725652211978574
1066BB,0.08721541643202914
0603KO,0.0871868531094305
1973BR,0.08715406856670792
1109BR,0.08691002538252085
7224KO,0.0868719975578799
0498BB,0.08686673824561053
0388KO,0.08678019268264209
1392BR,0.0867110630442172
0353BR,0.08670114066531762
0459KO,0.08659903139021195
0378BB,0.08647696214438617
1136KO,0.08623945889390161
0136BB,0.08620643395669556
1195BR,0.08618238582774168
1194BR,0.08612561622624237
0014KO,0.08611170786163971
0113KO,0.08606218829988713
1140KO,0.08603754537016503
1990KO,0.08577459841232503
1017KO,0.08571595725581599
1143BR,0.08568798227181025
0240KO,0.08567671175043261
1180BR,0.08565455434475344
0427BR,0.08562005252782831
0227KO,0.08557799580238949
1097BR,0.0853510640377209
0452KO,0.08522943968596489
0393BR,0.08518968929087238
0062KO,0.08488902507876044
1098BR,0.08480945950689765
1118BR,0.08460664436552431
0267KO,0.0845892219277032
1997BB,0.08448362950531191
0063BR,0.08444513972643208
0375KO,0.08440434093403242
0404KO,0.08423939440421141
1976BR,0.08401825950719902
0022BR,0.08401013637716925
0203BR,0.0839406266389261
0179BB,0.08391728678595564
0399BB,0.08384861641012141
1010BB,0.08382511580684053
1386BR,0.08377081711084873
0087KO,0.0837123741402345
0345KO,0.08367695546520738
1071BR,0.08352012629421056
0478BB,0.08346496146089843
0322BB,0.08345425456710204
1015BR,0.08325667144163777
1187BR,0.0832215838753548
1108BR,0.0830826328758878
0337KO,0.08304540479681025
0449KO,0.08298020377497654
0002BR,0.0828626937414204
0195BR,0.08264285991333924
0499BR,0.082568486868779
0034BB,0.08253685060107896
1009BB,0.08242095842269491
1012BR,0.0823613019730369
0407BR,0.08234728912611773
0158BB,0.0823450309296784
0147BR,0.08232207281075764
0273BR,0.08227896289366055
1115BR,0.0820814771687012
1290BR,0.08205866098594591
1064BR,0.08195362432650571
1040KO,0.08195018075725324
0120BB,0.08185413409362648
0468KO,0.08181290027410813
0102BB,0.08178100863243976
0012BR,0.08165858539608378
0013BR,0.08161695573796313
1013BR,0.08160539972916897
0204KO,0.08157654013129269
0012BB,0.08156006380296564
1221BR,0.08143370698748616
0003KO,0.0813725364355458
0383BR,0.0813690356661053
0350BR,0.08134496717383793
0035KO,0.08129949673241085
1121BR,0.08122140910377627
0194BB,0.08113365143854707
1050KO,0.08100360140858097
0139BR,0.08099345569339268
0117BR,0.08097121641498853
0383KO,0.08093884258314266
0360KO,0.08090710000875778
0094KO,0.08088086416148961
1240BR,0.08085647196093454
0641BR,0.08084960602946209
0130KO,0.08083842059361834
1954BB,0.08076785271950025
1970BR,0.08073883175381467
1964BR,0.08061756384799887
0152BR,0.08057948622542022
1163BR,0.08044295465750097
0211BR,0.08041063871082856
0181KO,0.0803749365796961
0612BB,0.08034357885993014
1104BR,0.08018375947235235
1309BR,0.08012233281860494
0078BR,0.08010977894720109
1091BR,0.08010671368257968
1275BR,0.08010656555548504
1103BR,0.07998852025157263
1972BR,0.07991494013212032
0999KO,0.07990653057574715
0289KO,0.07988435711027837
0345BR,0.07981341413378958
1114BR,0.07976272514801822
0440KO,0.07973146001668364
0227BR,0.07971662379657243
0477BB,0.07971370102513599
1623BR,0.07967040247756006
1054KO,0.07959034587736945
1179BR,0.07955082219280687
0055KO,0.07945525638792836
0375BR,0.07945478767926338
0649BR,0.07937390351183012
0436BB,0.07930988765031323
0092KO,0.07925452987575782
0606BB,0.07911018186101655
1038KO,0.07905254323155086
0023BR,0.07903513657978739
0410BB,0.07896932515337424
0213KO,0.07895876477724158
0358KO,0.07891467855167227
1103KO,0.0788601653654435
0430BB,0.0787552502429606
1287BR,0.07874620586487112
0130BR,0.07857848981990594
0007KO,0.0785143269632808
1243BR,0.0785022547777668
0361KO,0.07849555081103526
1038BR,0.07840547157178272
0344BR,0.07830009782073602
0244BR,0.07818558310967295
0054BB,0.07813618027122704
0052KO,0.0781007004668098
1059BR,0.07809320650490043
0422BR,0.07804809534939197
0357KO,0.07799419269207525
0270BB,0.07798620645984435
0371KO,0.07795425222113335
0040KO,0.0779355854934658
0245BR,0.07789239860567991
1346BR,0.07770219333499248
0170KO,0.07770136620914357
0426BR,0.07755115632484799
0004KO,0.07743121917663949
0471BB,0.07725999705194884
1166KO,0.07723863375874203
0036KO,0.07721891168161038
2077BR,0.07712418300653594
1262BR,0.07707002749018975
1992BR,0.077036010709149
1384BR,0.07696191575302945
0201KO,0.0768781837007492
1985BB,0.0768777415549538
0390KO,0.0768146205133226
0090BB,0.0767373450544966
0473KO,0.07666878798738067
0104KO,0.07639656015083876
0072KO,0.07637342824331309
0454BR,0.07635122551813892
0027BR,0.07629015223990243
0323BB,0.07627286859957083
0034KO,0.07626440651261458
1990BR,0.07620721107843705
1086KO,0.07611883647907242
1007BR,0.07579038610863734
1084BR,0.07577393083944309
0413KO,0.07569533105206666
1181BR,0.07557210224328688
1991BB,0.07556750034082199
1959BR,0.07553855988176296
1248BR,0.07542644465180387
1922BB,0.07531664263252073
1328BR,0.07529805883047322
1089KO,0.07521377574756215
1074BR,0.07520505419788205
0122BR,0.07520248720058559
1172BR,0.0751632601764438
0353BB,0.07510485167411245
0434BB,0.07509365909429605
0443BR,0.07496950670153207
1058BR,0.0749114138583967
0025BB,0.0749001383885796
1038BB,0.07489420969070953
1206BR,0.07484230556342666
0032BR,0.07481287443809406
0005KO,0.07463252873663627
0202KO,0.0746080506519906
0335KO,0.07458186171022477
1950BB,0.0743908182742123
0023BB,0.07436775884797629
1084KO,0.07435713611636187
0194BR,0.07429925845565441
0382BR,0.07422319435804955
0361BB,0.07417226561093238
0231BR,0.07413863878805908
0467KO,0.07409726183997868
0088KO,0.07408696395832624
1916BB,0.0740169838289286
0363KO,0.0740162158265091
0428KO,0.07391224038215974
1151KO,0.0739106726813067
1970BB,0.07388246706005983
0408KO,0.07386334726895533
0317BR,0.07378232741009035
1977BR,0.07367012256031849
1040BB,0.07366051969384246
0046BR,0.0736038006914448
0088BR,0.07349170234796114
0224KO,0.07348605001498594
0429BB,0.07348493318664745
0447BB,0.0732254196669832
0026KO,0.07319821747717882
0701KO,0.07314591018954329
0125KO,0.07312374802628847
0416BR,0.07295063827137167
1632BR,0.07287109919335667
1019BR,0.07286283286769268
0188BB,0.07284454033882258
0362BB,0.07281419509055809
0298KO,0.07280662346621912
1052BB,0.0727383820157446
0235BR,0.07261866646944684
0076KO,0.07258602488662817
0230KO,0.07255226185522415
1981KO,0.07245624937001328
1070KO,0.07245613011221824
0631BR,0.07235921813544884
0450BR,0.07220469088995198
1011BB,0.07217309154834768
0218KO,0.07217217216421644
0400BR,0.07206074756753146
1161BR,0.07203413021458581
0252BR,0.07195075869402283
0433BR,0.07184584639297863
1992KO,0.0716578286352219
0332BB,0.07165297135238036
1042BR,0.0715569918244743
0022BB,0.07154308441525879
0055BR,0.07153459772218884
0447KO,0.071533220016486
1150BR,0.07149111399745144
0715BR,0.07145997414350196
0011BR,0.07142052839626277
0338BB,0.07140423975138785
1311BR,0.0713693436107984
1272BR,0.07130884009782636
0185BR,0.07121253904445628
0074KO,0.07115374056700574
4391KO,0.07096560637793553
0402KO,0.0709166239685576
1920BB,0.07089388277324903
0241BR,0.07088411785062393
0263BB,0.07085322126862494
0232KO,0.0706836909865915
0004BR,0.070609324659967
0448KO,0.07060454659455355
1228BR,0.07050703592892235
0053BR,0.07049170772981522
0038BR,0.07049098816467207
0182BB,0.0704687991689136
0053KO,0.07042156893210755
0166BB,0.07032795511953617
0290BR,0.07032002458688057
0336BR,0.07031721660438732
0259BB,0.07026368143248263
0072BB,0.07020604936304724
0054BR,0.07013073722353529
0299BB,0.07012446333318878
1165BR,0.07011927832379315
0059BR,0.07006967790750604
0162BR,0.07001394801009568
1319BR,0.06996470028647082
0184KO,0.06996270614323863
1151BB,0.06994449570132097
4351BR,0.06977799895461718
1190BR,0.06976057653210273
0010BB,0.06975382919652867
1012KO,0.06966371822879197
0364KO,0.06956837217261862
1227BR,0.06950458206239556
1048BB,0.06948529783278254
1430BR,0.06945685188493841
0667BR,0.06941856666669544
0289BB,0.06938096312652081
0202BR,0.0693739166729438
0228KO,0.06934107940889396
0087BB,0.06932478461230211
1132BR,0.06928567665575205
1068KO,0.06917224449906684
0287BB,0.06915206710932383
0474BB,0.06911830291753988
4366BR,0.06890669279027013
1985BR,0.06883683919198366
0033BR,0.0687915509315101
0288BR,0.06878380965280591
0155BB,0.06876334764493035
1097KO,0.06861250329074255
0002KO,0.06861082351568788
1060BR,0.06860745382786251
0285KO,0.06858753254222168
0580BB,0.0685018193323841
0441KO,0.06849777815089202
0126BB,0.06841939253669349
0347BR,0.06817348094047507
1016KO,0.06813543131262931
0091BB,0.06812868579457411
1252BR,0.06809134666230751
1927BB,0.06802428335342318
1086BR,0.06801046675679334
0029BB,0.06796445312771242
0376KO,0.06795482450503133
0324BB,0.06791899193701502
0403KO,0.06781455194545795
0453BB,0.06754952177841825
0292KO,0.0675328320615569
0271BB,0.0675319288184536
0209KO,0.06749994732249198
1986BR,0.06745664516195424
0036BR,0.06735877989861473
1054BR,0.06725111387463749
0088BB,0.06723740253987973
0275BR,0.06723665966744687
0031BB,0.06721488722478058
0440BB,0.06717015871570788
0009BB,0.06716507256869084
0160KO,0.0671592118408887
0367BR,0.0670914338615695
1994BB,0.06708519734356304
0057BR,0.06695862413333006
0283KO,0.0669324252758401
0061BB,0.06678104292895308
0263BR,0.06676349187202894
1276BR,0.06675270227614463
0192BR,0.0667467895752371
1087BR,0.06672521884706119
0379BB,0.06660294277325841
0264BB,0.06659132947724712
0226KO,0.06651400144577459
0292BR,0.06639992661442914
0030BB,0.06636035129550985
1032BR,0.06635005434440197
0168BB,0.06634783138549721
0290BB,0.06626509650206865
1047BB,0.06626454799581454
0258BR,0.06624620342614752
1980BB,0.06618454961344061
0484BR,0.06617740234116434
1111BR,0.06613223136559003
0097KO,0.06607997430059558
2099BB,0.06605883723058975
0351BR,0.06603086435822417
0357BR,0.06602996102568062
0002BB,0.06599966271760069
0296BB,0.06598939260465257
1283BR,0.06592137589381458
0011KO,0.06586491601687657
0579BB,0.06584582441113487
1274BR,0.06580906958185283
0690BR,0.06573401763707552
0567BR,0.0655509065550906
0456BR,0.06540793085164248
1992BB,0.0653295285817714
0417BR,0.06525837858399505
0162BB,0.06522920741310057
0001BB,0.06522643937647163
0021KO,0.06518406523040304
0463KO,0.06510152022856162
0138BR,0.06506678877926667
0086BB,0.06506293369135424
0225KO,0.06505157426333344
0256KO,0.06503323657090901
1217BR,0.0649571594994668
0432KO,0.06490374783317783
1001BR,0.06488504228269736
0615BB,0.0647508353695027
0262KO,0.06469596272391671
0347KO,0.06458473427914933
0372BB,0.06448597310503071
0107BB,0.06447069869337299
0057KO,0.06442112192314628
0131KO,0.06440046045613976
0419BR,0.06432531652085194
1177BR,0.06426905472445872
1923BB,0.06422732012841727
0309BR,0.06420282093022017
1608BR,0.06419054052021557
1277BR,0.06415259330519164
1403BR,0.06406179874413627
0108BR,0.06397516047365527
0013KO,0.06388770281810414
1973KO,0.06374013871403063
0437BB,0.06369628627019042
1953BB,0.06359598060094322
1023BR,0.06357161547805742
0017BB,0.06352957822027551
1966BR,0.06349056981957267
0258BB,0.06343519067572136
1145KO,0.06340260999359174
0009KO,0.06335322812184639
0131BB,0.0632213788083602
1968BB,0.06310287624128068
0046KO,0.06304660417140691
1371BR,0.06303093060269606
0065BB,0.06296874035747982
0457KO,0.06295436572425518
0041BR,0.06289538386235193
1069KO,0.0628718131988416
1020BR,0.06285243544432825
0135BB,0.06274829911515895
1930BB,0.06274727373485733
0018KO,0.06269153645877172
0611BR,0.06267778990800466
1101BR,0.06265938344293054
0015BB,0.06261277218532511
1037BB,0.06261160222159938
0199BB,0.06258059895769327
0343BB,0.06253522573088326
1337BR,0.06241291262802685
0309KO,0.06237626974886705
1060KO,0.062366903586379606
0294BR,0.06233823543456101
0232BB,0.06232033347347623
1037BR,0.06231166007971202
0019BB,0.06230104527648015
1075KO,0.062253771011882224
1415BR,0.06224510665502742
0219BR,0.062043085958359716
0402BR,0.061883998627953275
0418BB,0.06182295520984791
0010BR,0.061577160118539864
0075BR,0.0615465948117332
0446KO,0.06151836401788072
0230BB,0.061493308102717414
2039BB,0.061421548578292656
1019KO,0.061362091398647296
0451BB,0.06134366594501514
2112BB,0.061336412180689893
1004KO,0.061260995992314896
1183BR,0.0612179914069886
0184BR,0.06119129778341183
0010KO,0.06112524931268344
0217KO,0.061102261078576775
2037KO,0.0610947081535317
0008KO,0.061080592927986684
0278KO,0.06103228480387634
1995BR,0.06089928795447627
0291KO,0.06088701144996736
1092BR,0.060887008447213356
0314BR,0.060846064336924265
1914BB,0.06080740117746006
1285BR,0.0607330160525618
0174KO,0.06070674877739425
0330BR,0.0606150259185459
0319BR,0.06060785117920288
0029BR,0.060600930874715714
1448BR,0.060599151885458946
1999BB,0.0605551203842396
0373KO,0.060549744034084675
1006BR,0.06048205558630659
1990BB,0.06031507218177913
0433BB,0.06024737922767382
1986BB,0.06019872465243845
1242BR,0.06017650970949184
1063KO,0.0601033880354474
0497BR,0.0600457827082233
0414BB,0.06004062959400375
0077BB,0.05999669439700295
0109BR,0.05998487779582867
0109BB,0.05996814625025966
0073BR,0.05992098713865546
0060BR,0.05987812200190848
0331KO,0.05969345687523655
0461KO,0.05934519242142873
0155BR,0.05931818337588648
0294BB,0.05923464717838683
1317BR,0.05921859834952919
0096BR,0.05916417052343628
1978BB,0.059136700625722426
0200KO,0.0591178668103384
0428BR,0.05900538061832202
0324BR,0.05896757014285377
0719BR,0.05896494188395753
0524BR,0.058943863034650545
0482BR,0.058890866719608984
0260KO,0.05887862747399712
0254KO,0.058835632686969015
0105BR,0.058564896956675785
0246BR,0.05838525086073143
0393BB,0.05835652746768944
0269KO,0.058187882755772476
0220BR,0.058182218129297414
1996BR,0.05797411199948119
0482BB,0.057890931843841996
0086KO,0.05775455767793975
0441BR,0.057688246483988646
0299BR,0.05766974392293197
0449BB,0.05761672871070996
0083BB,0.057529608123184764
0425KO,0.057374402472688345
0245BB,0.057312329188466245
0035BR,0.05721796173523708
1028BB,0.05718634117790874
0020KO,0.0571099637526372
0359KO,0.057109215062184006
0134KO,0.05701440527774309
0472BR,0.056987377386923825
0115KO,0.056960226024825505
0437BR,0.05695342935615366
0627KO,0.05693271797298844
0479KO,0.05690923132628231
0299KO,0.05690813292749773
1979BR,0.05671746207580591
0222BB,0.05667312372721407
0355BR,0.05663648035860179
0225BB,0.05661488259996741
1182BR,0.056610546826005345
2055KO,0.05654172993583203
1030BR,0.056536017589586714
0205KO,0.05651734695148995
1168BR,0.05644186797562053
0500KO,0.05634129376304199
0205BR,0.05613019318571998
0257BB,0.05605635323329375
0003BR,0.05603340069975703
0452BB,0.05601680970779196
0405BR,0.05601527573461372
0219KO,0.0559600413616459
1984BR,0.05581042331306496
0025BR,0.05573381067185665
0274KO,0.055693947877411776
1061BR,0.055652727546042204
0080BB,0.055568305919174645
0379KO,0.055565385949744556
0228BB,0.05555260031561957
0056BR,0.05553576298480719
0304BR,0.055510847421330486
1065BB,0.05549274325665109
0173BB,0.055433776364891205
0169BB,0.05538917894732291
0429KO,0.05534791767264146
1353BR,0.05527929669037369
1336BR,0.0552425498742071
1102KO,0.055178133439947395
0423BR,0.055154114797800954
1093BR,0.055018150019199
0262BB,0.05492262611447627
0018BB,0.054830365345317524
0133BB,0.054589665594269865
0226BB,0.05442926107290615
0112BR,0.054400151425759644
0274BR,0.05437625068647751
0295BR,0.05427035143926482
1981BB,0.05422309825392862
1053BB,0.054201499448598804
1079KO,0.053927283185023704
0411KO,0.05389012048462707
0085BB,0.053869536537950694
0136BR,0.05378424567826927
1239BR,0.05368718970341641
0450KO,0.05365574111806834
0424BB,0.05360869528023892
0144BB,0.05359776069416535
0335BB,0.053534098323222666
1131BB,0.0534531693472091
1211BR,0.05344895225359266
0006BR,0.05333811711231159
0085KO,0.05333297346716605
0348KO,0.0532923718387078
0220BB,0.053241233845042944
0624BR,0.053224314240361295
0326KO,0.05322338768032851
1131BR,0.05316642172518979
0235KO,0.05313119415633271
0009BR,0.05312884552303762
0289BR,0.05302679951019736
0218BR,0.05282820310444621
0391BB,0.05262706042057066
0150KO,0.05250719176884414
0401KO,0.052501071592549575
1259BR,0.05246638972591602
0286BR,0.05246151312914015
0098BB,0.052370388454291844
0129BR,0.05224688883647157
0042BR,0.052113055128516245
1188BR,0.05207278600067149
1251BR,0.05207128303642255
0490BR,0.0519649796771311
0679BR,0.05192076817383622
0150BB,0.051783349587745865
1080KO,0.05176272061478391
1288BR,0.05168488254847823
1069BB,0.05163705061553524
0038KO,0.05147187369655177
9510BB,0.051297525648762804
0664BR,0.051292439834697404
0112BB,0.051128639259659985
0053BB,0.05108686419385702
0253BR,0.0510311750384382
0276BB,0.050856090160930005
1154KO,0.05080914461854614
1042KO,0.05079800402438631
0197BR,0.05077647491587934
0410BR,0.050769355308741076
1966BB,0.05073456728303197
0247BR,0.050606476202799
0615BR,0.050601213707221315
0355BB,0.05048218667545088
0373BR,0.05039495352136492
0134BB,0.050347617707409344
1123KO,0.05029964982816312
0301BR,0.050190108116430106
0187BB,0.050136116152450075
0344BB,0.05011862849190134
1025KO,0.05007519432123451
0178BR,0.049919177338531746
0001BR,0.04988757627935069
0402BB,0.04985758588799215
1387BR,0.04983788955229171
0602BR,0.049826542794856175
2061BR,0.04979435097950329
0396KO,0.049793949333446386
0229KO,0.049558106004934176
0297BR,0.04954356383857077
1100BR,0.04946597470363711
2123BB,0.04940786646874602
0070KO,0.04940563520536612
1062BR,0.0492434119667241
0435BB,0.049186378178705095
1048BR,0.04914881236561978
1212BR,0.04906373039845753
0342KO,0.049061160014380635
0198BB,0.04882581141027033
0106BR,0.04875233986827454
0047BR,0.04873818225426301
0234KO,0.04870350888049998
1997BR,0.04861376797046469
0329BR,0.04852384150863979
0469BB,0.048395571245428225
1062BB,0.04824844720496898
0387KO,0.048231303163218046
4373BB,0.04813304653022013
1244BR,0.04789782825978282
1020BB,0.04765420283224906
0168KO,0.04765325670498086
1048KO,0.04763172011673574
0051BR,0.047486567580685264
1122BR,0.04743627524926182
1023BB,0.047416438584722206
1158BR,0.047376670610147234
1247BR,0.04731899117886726
1343BR,0.04721694700159581
0040BR,0.0471217137933003
1092BB,0.04684720847900831
1399BR,0.04679085688418993
1380BR,0.0466510704857713
0460KO,0.046528264904156895
0066BR,0.04652380017348376
0081BR,0.04634529254168864
1043BR,0.046282012788884414
0077KO,0.04618250048664987
0040BB,0.04608606588229078
0422BB,0.04601127256130556
0060BB,0.04587683887312055
0413BB,0.045853921744772506
0278BR,0.04584579729041468
1090BR,0.045795350376343205
1962BB,0.04579286684642093
1056KO,0.04575844975441654
2012BB,0.04566833560916395
1406BR,0.04565285037423775
1918BB,0.04529285034320353
0118KO,0.0452329538584202
0019BR,0.045217344323134234
0251BB,0.04508256174159816
0190BB,0.04500831223551904
1963BB,0.04490526085210476
1080BB,0.04480038814469903
0244KO,0.04473771367705284
1210BR,0.0446798193665763
1135BR,0.04464878958788487
0146BB,0.04453961648444903
0089BB,0.04452751308840107
0115BR,0.0443412519203112
1323BR,0.04427135137262539
0281BB,0.04426720755348279
1975BR,0.04409012778457313
0369KO,0.04408849279916617
0425BB,0.04400735356372261
0270KO,0.04399663617258768
0324KO,0.04376511753809407
0092BB,0.043735325666606935
0618BR,0.04359161539263743
0418BR,0.043460370291459396
1199BR,0.043449928579280477
1045KO,0.04314100637052527
0446BR,0.043125058533150996
0066BB,0.043046841410764786
0240BR,0.04301917916418395
0147KO,0.043011313936143575
0181BB,0.042967809655617736
0236BR,0.042962324278255866
0146BR,0.04294034042278358
0280BR,0.04290907654156982
0070BR,0.042689273349752664
0163BB,0.042681108832005855
1028KO,0.04266390134067468
0454BB,0.04260796897061025
0338BR,0.04257886732989213
1146KO,0.042450157127402
0638BR,0.042440690655561254
0250BB,0.042390005433328916
0101BR,0.04237583622161764
0266KO,0.04236093392649774
1951BB,0.04231790724883311
0485KO,0.04221974583582123
0153BB,0.042214841892415596
1952BB,0.04215450484975028
1926BB,0.042150632120186694
0155KO,0.042066474640747545
1004BB,0.04205580941755172
1616BR,0.04205067067017613
1017BB,0.04201406390412572
0181BR,0.04189380152196731
2104BB,0.04159943879340586
0494BB,0.041589581181563
0268KO,0.04143441578216081
0179BR,0.041398934064082106
1092KO,0.0413228556098159
0267BB,0.04125674614870261
0352KO,0.041255069297322915
0152BB,0.04115981840227623
1105BB,0.041102036458475315
0470BB,0.04107658304272675
0037KO,0.04097224932278995
0444KO,0.04095162605306579
1152BR,0.040873906926235985
1978BR,0.04087001021851605
1045BR,0.04083419906949587
0349KO,0.04079536069107512
0320KO,0.04078561675305931
0207KO,0.040744984316326914
0044BR,0.040650060203119516
0209BR,0.040607527137406306
0143KO,0.04058274016798276
0142BR,0.040575380859187674
0360BR,0.04049750294314848
0394BR,0.04049125476461184
1267BR,0.04042843833535574
1098BB,0.0403719109371176
0047KO,0.04036499468013384
0380KO,0.04019737164882622
0062BR,0.040183220659134176
1094BR,0.0401566732557289
0189BB,0.039993439217079915
0339KO,0.03996842364589287
1118KO,0.03985421224339397
1983KO,0.039642315844788056
0279BB,0.039605235154353345
1006BB,0.03956999728171476
1390BR,0.03949845190302747
0031BR,0.03936650521879468
0280KO,0.039353789733854165
0025KO,0.039217256974173206
0355KO,0.03919776392015791
0265KO,0.039177947842179456
1139KO,0.03903587055637987
0296KO,0.03886110676421721
0449BR,0.03880997390826702
0188BR,0.03875626942947825
0265BB,0.03867676644988644
0352BR,0.038481821608391475
0389BR,0.03832192634874893
1072KO,0.038316778751958845
0287BR,0.03830582888732538
0445BB,0.038257316714518964
0204BR,0.038201834549211944
1156BR,0.03807988982190994
0341BB,0.03799772341178795
0524KO,0.037919233401779606
0400BB,0.0377674461595782
1293BR,0.03775568285767914
0215BR,0.03767675433280745
1040BR,0.03765365402209644
1091KO,0.03759713797808974
0495BB,0.037577441957424525
0326BR,0.03746978624910329
1067BB,0.03739300499018962
0064KO,0.037188579260159844
0013BB,0.03710323363989205
1001BB,0.03700360393388604
0199BR,0.03699231290313077
0373BB,0.036984432240764586
0366BB,0.036762120431793784
1016BB,0.036758456095349286
0336KO,0.036685778506068106
0576BB,0.03666666666666668
0056KO,0.03657632820418835
0314BB,0.036504411220573185
1148BR,0.036486347596697416
1043BB,0.0364001282083521
0207BB,0.036309189278753304
0442BR,0.03628342879286783
0339BB,0.03626559511078246
0321KO,0.03617565229348432
1141KO,0.036132113012335876
0166BR,0.03602807137450167
1330BR,0.03600193755498333
0169KO,0.03597213307520068
1603BR,0.035889634188507005
0239BR,0.035861850203254254
0349BR,0.03580115160295361
1059BB,0.03575833113266083
0185BB,0.0355320136373118
0395KO,0.03551457821337129
1005BR,0.03543919220802428
1159KO,0.035423342862288355
1033BB,0.035414475427278644
0235BB,0.03530995413196285
1402BR,0.03516993493789529
1026BB,0.03510169401518774
0639BR,0.035030988951765075
0442BB,0.03495531943218559
0008BB,0.034937569594747135
1350BR,0.03482986415262015
0279KO,0.034736011544888964
0024BR,0.03449381777530923
0998BR,0.034397003624796266
0206BR,0.034367684397179826
1138KO,0.03436329210812552
0432BR,0.034353799199142006
1981BR,0.03430133951749676
0175BR,0.03429498916096306
0081KO,0.0341036489710799
0069BB,0.03408794419920582
0477KO,0.03396644998015761
0312KO,0.03379298100761328
0225BR,0.03375577467838476
1184BR,0.033667689128447004
0277BB,0.033524121013900274
0008BR,0.033497441589193225
0367KO,0.033475560882975104
0144KO,0.03342705676437919
1321BR,0.03338171262699567
0370KO,0.033230204355443944
0169BR,0.03317067220847392
1411BR,0.03309003655089142
1312BR,0.033005496380451735
1090KO,0.03298076859234615
0196BB,0.03296540151745816
0491BR,0.032900440818861176
1010BR,0.032783053944377125
0308BR,0.032684857453322974
1049BR,0.03259335235323241
1047KO,0.032583050439144445
0146KO,0.03252765181858364
0167BB,0.03241840277675413
0042KO,0.03241401978057339
1280BR,0.03230069934937189
1021KO,0.032183123196706825
0157KO,0.032182920800744225
0094BB,0.03212867198867444
0150BR,0.03203637237768595
0465KO,0.03185926640527587
0328BB,0.03181748757365281
0476BR,0.03172553721294846
0051BB,0.031722428748451055
1099BB,0.031638292348206754
0137KO,0.03135585149793995
0530KO,0.031170630339413544
0348BR,0.03112710966802533
2050KO,0.031085991118288275
0448BB,0.030893516518114818
1127BR,0.03083440470419627
0062BB,0.03080451809716888
1009BR,0.030725510021146846
0209BB,0.030711022252597413
2120BB,0.03059343899741981
0392BB,0.030587323044565552
0189BR,0.03057769246822584
0470BR,0.030564631506066985
1053BR,0.030521318349314243
0448BR,0.030351738480806283
0377KO,0.0302025622267557
0464KO,0.030138529984951423
0627BR,0.03010104216261974
0118BR,0.030100334448160553
0313BR,0.03008553766027871
0381KO,0.03002153021676238
2076BB,0.0299686894289548
0461BR,0.029937212335163763
0060KO,0.029898933113809967
0465BB,0.02980922171219435
1123BR,0.029774411024822114
0253BB,0.02976651210312393
1157BR,0.02973040200756414
1020KO,0.02961664820328088
1169BR,0.02958309528502401
0215KO,0.029571551079535595
0234BR,0.029426848064127865
0284BB,0.029317167274388146
1032BB,0.029303125729966864
1368BR,0.02922152268871691
0408BB,0.029205719871809963
0137BB,0.02919795308596426
0350BB,0.02913293559307864
0154BB,0.029113403606968527
0369BR,0.029053453228716615
0256BB,0.028816270986961955
0133BR,0.028789928981844615
0151KO,0.0287599140167519
0128BR,0.028759726393909394
0325KO,0.028754937192024405
1055BR,0.028694526020446753
0272KO,0.028549568561035573
0362BR,0.028531877259094018
0487BR,0.028173538496528552
1908BB,0.02814396612561749
0172BB,0.028068078857000706
0461BB,0.028047549856654322
0288BB,0.027994722014193542
0103KO,0.027935643805939176
0389KO,0.027856796113689377
0396BR,0.027810488448925978
0024BB,0.027742229838754545
0256BR,0.027696370630494342
1297BR,0.027632694978562456
1041BR,0.027553734730034776
0063KO,0.027446375686212506
1939BB,0.027269027269027208
0321BB,0.02725964352420422
0417BB,0.027182609678268507
0484BB,0.027166552310717178
0099KO,0.027165642332070986
1016BR,0.026939721058377396
0625KO,0.026898574173323888
0303KO,0.026741051691893232
0589BB,0.0266056181165697
1153BR,0.02660115161824785
0457BR,0.02657310367808024
0368KO,0.026570803295840002
1284BR,0.026549122381709186
1130BR,0.026548982600013815
0071KO,0.026512603417834898
1935BB,0.026393124257826105
5425BR,0.026392908663660557
0074BB,0.02604217574554649
0094BR,0.026033839142870985
1106BB,0.02597189118106363
0329KO,0.02595742547309559
1405BR,0.02591524473283673
0213BB,0.025826025155587382
0173BR,0.0257255372222955
0037BB,0.025618226187300523
1192BR,0.025611634654240992
0136KO,0.025276679306932906
1115BB,0.025239079987300895
0014BR,0.02520521487204246
0330KO,0.025103167030524707
0262BR,0.025031895516206056
1957BB,0.02502261079288515
1163KO,0.02497714038211655
1110BR,0.024968499919454077
0414BR,0.02479419866700468
0388BB,0.02479312539783578
1366BR,0.02478438888404917
0288KO,0.024761951362386195
0177BB,0.024662818048324563
0428BB,0.024593829313398836
0439BB,0.024580739274626447
0020BB,0.024514155844643108
0409KO,0.024193221595203006
0322KO,0.024163714974850405
0307KO,0.024068794185558483
0101BB,0.024050864176488274
0459BB,0.02400525690256252
0187BR,0.023982409090772053
9512BB,0.023976392475101416
1067BR,0.02382417506284235
0221BR,0.02371624127633659
0167KO,0.023623777606856477
1152KO,0.023596027436410386
0141KO,0.023557268532121204
0462KO,0.023281726873124707
0118BB,0.02325684232512941
1263BR,0.023139920168065962
1029BR,0.023031144242210554
0389BB,0.022879902233361782
1147BR,0.022824637126267196
0300BR,0.02282336053396064
1065BR,0.022716268693309977
0312BB,0.02268402668938397
1078BB,0.022561241792842645
0246KO,0.022465886138718777
1046BR,0.0224341671165497
1144BR,0.022420677834267447
0172BR,0.02237393827463652
1170BR,0.02226899481264798
0397BR,0.022197611710323556
0111BR,0.02219728465053181
0390BB,0.022196788984143137
0384BB,0.02218667236538216
0308BB,0.02201752207495595
0431BR,0.021934468351497722
1200BR,0.021897810218978048
0157BB,0.021870809659163923
0438BB,0.021641445846824807
0417KO,0.021541125265751884
0212BB,0.021508474340964596
1004BR,0.02143144785221705
0496BR,0.02131092596174621
0377BB,0.021164296413420113
1333BR,0.021130916787297296
1950BR,0.02107741465328778
0144BR,0.021046668700161215
0126BR,0.021035267814540654
0203KO,0.020962993185959414
0208KO,0.020887900809911864
0460BB,0.020832613682752597
1186BR,0.02073410544790583
1076BR,0.020605260420363078
1072BR,0.020604049472176575
0615KO,0.02033322648158626
1271BR,0.020298466175695622
0479BR,0.020271812661585353
1041BB,0.02022307551654783
0408BR,0.020168814838603714
0445BR,0.019890166180148494
0356BR,0.019817806211473114
0079BB,0.019722375208951776
1349BR,0.019649090039446808
0183BB,0.019564555342275868
0364BB,0.019538332010769047
1146BR,0.019514807383582026
0046BB,0.019485739142004067
0381BB,0.019435756686027955
0474BR,0.019326025707419595
1014BR,0.019325528568932392
0276BR,0.019305419952190487
0486BR,0.01930204496650449
1953BR,0.019228757349402607
0176KO,0.019207143367711864
0322BR,0.01914970467043534
0321BR,0.019052767906468104
0476BB,0.019014204736876743
0455KO,0.018930439275307142
1974BB,0.018858735355393827
0226BR,0.018708578304672666
0172KO,0.018624447726109532
1154BB,0.01849670925205318
0021BB,0.01848914833228527
0015BR,0.018188865358581278
0141BR,0.01809852819339794
0481BR,0.018034853838356908
0455BB,0.017977415741419665
0216BR,0.017926889433526424
0082BB,0.017905422639391936
0353KO,0.017705040631600687
1919BB,0.017650314671695998
0429BR,0.01761131575662325
1385BR,0.01746904019424079
0585BR,0.017336776097381015
0100BB,0.01726573574559642
1061BB,0.017236771779796906
0290KO,0.016969399895089252
0255BR,0.01678816748678356
1072BB,0.01655972635232933
1151BR,0.01655260950661241
1209BR,0.016516893418344294
0401BR,0.016438198228117613
1395BR,0.016226368127656484
0292BB,0.01620359561055335
0157BR,0.0160565443782297
1144KO,0.016001648238445184
0309BB,0.015824835308580944
2078BR,0.015810276679841924
0347BB,0.01577955641531827
0361BR,0.015741649247045728
0194KO,0.015686274509803918
0479BB,0.01565559599636215
0175BB,0.015356091440225976
1401BR,0.015262543951495903
0135KO,0.015239829111630288
0374BB,0.015099482147724143
0307BR,0.01508309226646549
0119BR,0.015082470487435834
1960BR,0.015001943728304242
0675BR,0.014904862579281213
0183BR,0.014884997208820677
0195BB,0.01481208159822885
0598BB,0.01479434238335226
0098BR,0.014792002261147404
1134BB,0.014695486514659468
1292BR,0.014551609774974624
1042BB,0.01443277087976235
1313BR,0.014413214493004813
0311BR,0.014393811408242975
0519BB,0.014343508642883399
0275BB,0.01432630669730537
1074BB,0.014286403783966364
0331BB,0.014255395768957093
1969BB,0.014077601077891416
0296BR,0.014041572762476787
0328BR,0.014008617135540871
1310BR,0.013980472701130574
0359BR,0.013785652425174552
0285BR,0.013701692972284258
0596BB,0.013600891861761416
0358BR,0.013592196997758427
0306KO,0.013573170888228882
0138BB,0.013455108864062669
0608KO,0.013425707625762314
1083BR,0.01334328604230983
1033BR,0.013333944796281139
1119KO,0.013221278079478385
0271BR,0.01316701316701317
0186KO,0.01306067783266357
2074BR,0.013043478260869597
1307BR,0.013001593160094665
0193BR,0.012939219794494713
9516BB,0.012817727568976728
0413BR,0.012788619880172384
1139BR,0.012622047263987399
0100KO,0.012431696510124365
1223BR,0.012377094771558612
0632KO,0.012288860748891675
0143BR,0.012280936677155442
1047BR,0.012223519689339763
0268BR,0.012118047196631546
2001BR,0.012101698678805346
0224BB,0.012078922148501314
0483BR,0.011935442102449284
0215BB,0.011932246782636527
0351BB,0.011748052894403622
0362KO,0.01162083884578257
1025BB,0.011475330460465817
0127BB,0.011343848793765154
0313BB,0.01129878337924215
0323KO,0.011285440563633896
0064BR,0.01117291221188628
0352BB,0.011121756209250806
1044BR,0.011105876018038668
0137BR,0.011075576115902088
0493BR,0.011060100936825922
0042BB,0.011014727098163889
0320BB,0.010864528088151946
0093BR,0.010835628782550611
1220BR,0.010779829816854842
1957BR,0.010770577259155844
1377BR,0.010646382282095915
0305BB,0.010360892033638418
0231BB,0.01028728187152325
1383BR,0.010186553749051273
1001KO,0.01012125463473295
1331BR,0.010108092303556363
0069BR,0.009973850461666609
0067BB,0.009941946553223469
0283BR,0.009870866257583278
0342BR,0.009852405509403927
1102BB,0.009706520497887425
0399BR,0.00969959823154641
1391BR,0.009654763890638324
1039BB,0.009534286762009547
0650BR,0.009444719021475905
1093BB,0.009253193580085153
0134BR,0.008933572852044073
0186BB,0.008740117501994611
0438BR,0.008702636252491161
0493BB,0.008474251313317227
1050BB,0.008419159718816323
0171BB,0.008371505291423205
0179KO,0.008350384338881786
0178KO,0.008346265151197354
1125BR,0.00823045267489714
0264BR,0.008175514850460515
1355BR,0.008123272757725536
0710BR,0.00808187288619494
2023BB,0.00799999999999998
0068BB,0.00786361726394146
0125BR,0.0078475984806124
2108BB,0.0076757752533006636
2049KO,0.007663248785752867
0061BR,0.007655266727427202
0132BR,0.007636919048658094
1273BR,0.007585427227307529
0327BR,0.007530717399920732
1025BR,0.007492141454570342
0462BB,0.007426292930939957
1018BR,0.00732404046478654
5240BB,0.00728155339805832
1021BR,0.007233552277902537
0097BR,0.007203886748199078
1246BR,0.007160036774879707
2054BR,0.007042253521126731
0223BR,0.006893928765959795
0048KO,0.006881309960319428
1419BR,0.00679023674068634
0219BB,0.006630938323190094
0089BR,0.006499730376923634
1300BR,0.006326385916622002
0326BB,0.006264791869692332
1070BB,0.006156034439599183
1993BR,0.006057728860247616
0113BB,0.006015837040767763
1900BB,0.006010272101409653
0491BB,0.0060021391003196685
0363BR,0.005934159929224442
0039BB,0.005908363192803262
0222KO,0.005769515262093794
1373BR,0.005690685536164745
1030BB,0.005608302053433418
1944BB,0.0056019117013359045
1012BB,0.005448899478546207
1022BB,0.005448462641389242
1152BB,0.005323133945822379
0076BB,0.005317088629881311
1094KO,0.005305422430236131
0282BR,0.005284765897973397
0478BR,0.005271697823005832
0233BB,0.005267352808677283
1142KO,0.005156950672645782
0214BR,0.004942339373970306
0138KO,0.0048904954284499655
1128BB,0.00486818454164166
0244BB,0.004709450830140476
0337BR,0.004690891269341187
0444BB,0.004653962814605583
0327BB,0.004602301150575261
1070BR,0.004590969887575407
0406BR,0.00456834647469899
1222BR,0.004519599249759799
2107BB,0.004402515723270498
0043BR,0.0043700854615850325
1073BR,0.004329584002856602
0346BR,0.004296502039753495
1958BB,0.004213318931261687
2111BB,0.0041367298062268765
1193BR,0.003948704448873665
1022BR,0.0039279625161213775
1097BB,0.00391804226347224
0170BR,0.003591983832251477
0113BR,0.0035211267605633713
1175BR,0.0034424121770146717
1073BB,0.0033968394624132128
0494BR,0.0033869304363792515
0200BB,0.0033630249045628405
0348BB,0.0032047060889416144
0576BR,0.0031976124493711838
0447BR,0.003174215602490496
0492BB,0.003110844294056604
0435KO,0.003108582231998425
0610BR,0.003016822621056459
0115BB,0.0029798929553016113
0236BB,0.002887488387274947
0267BR,0.002684597435833079
9513BB,0.00266382525306341
1324BR,0.002619760479041939
1083BB,0.002574696125980516
0412BB,0.0024888558692421087
1335BR,0.002402097979152457
1969BR,0.0022624434389139875
0497KO,0.002255728362816117
1956BB,0.0022378960690198177
1934BB,0.002208932708366999
9518BB,0.002205558006175571
1052KO,0.0022037434254987944
0286BB,0.0021616541353383333
0358BB,0.0019918762693330017
1302BR,0.0019390445159183079
0312BR,0.001846720593790712
0380BB,0.0016597668695270543
0233KO,0.0016303082058846704
0368BR,0.0015247222827270439
0191BB,0.001510142443165627
1938BB,0.0014900478149672005
2040KO,0.0014406915319353296
1007BB,0.0012994934627522784
0180BB,0.0012280228831581116
0178BB,0.0012184508268059436
1933BB,0.0011730893307525035
0665BR,0.0010883037576710304
0338KO,0.001022238509460459
0161BB,0.001012606956609763
0609BR,0.000947058117355119
0367BB,0.0007241566592239717
0246BB,0.0006729886815540364
0509KO,0.0006161429451633002
0458BR,0.000609616703497698
0142BB,0.0006009214128330108
1091BB,0.0005390005390005835
9517BB,0.0003952569169960618
0148BB,0.00031108499533377
1049BB,0.0003101015582603415
0460BR,0.0002713035349540037
0173KO,0.00026367563839934164
0163BR,0.00014545454545454134
0563BB,0.0
0472BB,0.0
0547BB,0.0
0670BR,0.0
0621BB,0.0
0630KO,0.0
0489BR,0.0
0539BB,0.0
0075BB,0.0
1100BB,0.0
1359BR,0.0
1952BR,0.0
1936BB,0.0
0147BB,0.0
1486BR,0.0
1481BR,0.0
1449BR,0.0
1442BR,0.0
1414BR,0.0
1409BR,0.0
1398BR,0.0
1367BR,0.0
1347BR,0.0
1106KO,0.0
1341BR,0.0
1326BR,0.0
1322BR,0.0
0208BR,0.0
0220KO,0.0
1179BB,0.0
0261BB,0.0
1170BB,0.0
0265BR,0.0
1123BB,0.0
1110BB,0.0
1203KO,0.0
